{
  "n": 14,
  "mae": 0.1548870291028704,
  "rmse": 0.48821847742774127,
  "mse": 0.23835728170186193,
  "mape": 5.16290097009568,
  "r2": NaN,
  "max_error": 1.809342861175537,
  "median_ae": 0.008376121520996094,
  "bias": -0.14464964185442244,
  "std": 0.46629793352882154,
  "mean_pred": 2.8553503581455777,
  "accuracy": {
    "0.05": 85.71428571428571,
    "0.1": 85.71428571428571,
    "0.2": 85.71428571428571,
    "0.5": 92.85714285714286
  }
}