{
  "n": 14,
  "mae": 0.1469806432723999,
  "rmse": 0.4691225294816857,
  "mse": 0.22007594766729507,
  "mape": 4.899354775746664,
  "r2": NaN,
  "max_error": 1.7478442192077637,
  "median_ae": 0.01734292507171631,
  "bias": -0.1293776205607823,
  "std": 0.45092946118581045,
  "mean_pred": 2.870622379439218,
  "accuracy": {
    "0.05": 85.71428571428571,
    "0.1": 85.71428571428571,
    "0.2": 92.85714285714286,
    "0.5": 92.85714285714286
  }
}